Sequence S,Sequence T,Leading razor protein_P,Start position_P,End position_P
NISNFNNALESK,VITNQYNNPAGLYSSENISNFNNALESK,O00151,155,166
TASPASSTTAR,SAMPFTASPASSTTAR,O00151,128,138
TVGGFAPMSPR,DVTNFTVGGFAPMSPR,O00267,658,668
SAPLPGLSAPGR,ASAPLPGLSAPGR,O14558,16,27
DYDHDAFLGAEEAK,VHNDAQSFDYDHDAFLGAEEAK,O43852,46,59
VHNDAQSF,VHNDAQSFDYDHDAFLGAEEAK,O43852,38,45
GNSEDHTALSR,SAAMLGNSEDHTALSR,O60749,352,362
ETPGATPGSK,GSETPGATPGSK,O75533,243,252
LLEDGEDFNLGDAL,LLEDGEDFNLGDALDSSNSMQTIQK,P05783,383,396
